{"v":"5.5.10","fr":5,"ip":0,"op":34,"w":500,"h":500,"nm":"컴포지션 1","ddd":0,"assets":[],"layers":[{"ddd":0,"ind":1,"ty":4,"nm":"heart/heart1 윤곽선","sr":1,"ks":{"o":{"a":1,"k":[{"i":{"x":[0],"y":[1]},"o":{"x":[1],"y":[0.001]},"t":1,"s":[0]},{"t":3,"s":[100]}],"ix":11},"r":{"a":0,"k":0,"ix":10},"p":{"a":1,"k":[{"i":{"x":0.667,"y":1},"o":{"x":0.167,"y":0.067},"t":1,"s":[242,469,0],"to":[0,-10.167,0],"ti":[0,10.167,0]},{"i":{"x":0.667,"y":0.667},"o":{"x":0.333,"y":0.333},"t":3,"s":[242,408,0],"to":[0,0,0],"ti":[0,0,0]},{"i":{"x":0.667,"y":1},"o":{"x":0.333,"y":0},"t":5,"s":[242,408,0],"to":[0,-21.333,0],"ti":[0,0,0]},{"i":{"x":0.667,"y":1},"o":{"x":0.333,"y":0},"t":7,"s":[242,280,0],"to":[0,0,0],"ti":[0,-6.667,0]},{"i":{"x":0.667,"y":1},"o":{"x":0.333,"y":0},"t":11,"s":[242,408,0],"to":[0,6.667,0],"ti":[0,0,0]},{"i":{"x":0.667,"y":1},"o":{"x":0.333,"y":0},"t":15,"s":[242,320,0],"to":[0,0,0],"ti":[0,0,0]},{"i":{"x":0.667,"y":1},"o":{"x":0.167,"y":0},"t":19,"s":[242,408,0],"to":[0,0,0],"ti":[0,0,0]},{"i":{"x":0.667,"y":1},"o":{"x":0.333,"y":0},"t":22,"s":[242,320,0],"to":[0,0,0],"ti":[0,-14.667,0]},{"i":{"x":0.667,"y":0.667},"o":{"x":0.167,"y":0.167},"t":26,"s":[242,408,0],"to":[0,0,0],"ti":[0,0,0]},{"t":30,"s":[242,408,0]}],"ix":2},"a":{"a":0,"k":[986,768,0],"ix":1},"s":{"a":1,"k":[{"i":{"x":[0.475,0.475,0.833],"y":[1,1,-8.662]},"o":{"x":[0.936,0.936,0.167],"y":[0,0,9.662]},"t":1,"s":[0,0,100]},{"i":{"x":[0.708,0.708,0.708],"y":[5.712,5.712,41.53]},"o":{"x":[0.158,0.158,0.158],"y":[0,0,32.012]},"t":5,"s":[100,100,100]},{"i":{"x":[0.708,0.708,0.708],"y":[1,1,1]},"o":{"x":[0.424,0.424,0.424],"y":[-3.418,-3.418,-29.403]},"t":19,"s":[100,100,100]},{"t":26,"s":[100,100,100]}],"ix":6}},"ao":0,"shapes":[{"ty":"gr","it":[{"ind":0,"ty":"sh","ix":1,"ks":{"a":0,"k":{"i":[[30.461,30.461],[30.461,-30.461],[0,0],[0,0],[30.461,-30.461],[-30.461,-30.461],[0,0],[0,0],[0,0],[-14.281,14.281],[0,0],[0,0],[0,0]],"o":[[-30.461,-30.461],[0,0],[0,0],[-30.461,-30.461],[-30.461,30.46],[0,0],[0,0],[0,0],[14.281,14.281],[0,0],[0,0],[0,0],[30.461,-30.461]],"v":[[152.205,-110.326],[41.896,-110.326],[-0.177,-68.253],[-41.896,-109.972],[-152.205,-109.972],[-152.205,0.336],[-88.87,63.671],[-55.331,97.21],[-26.035,126.506],[25.681,126.506],[55.331,96.857],[88.517,63.671],[152.205,-0.017]],"c":true},"ix":2},"nm":"패스 1","mn":"ADBE Vector Shape - Group","hd":false},{"ty":"fl","c":{"a":0,"k":[0.957000014361,0.180000005984,0.310000011968,1],"ix":4},"o":{"a":0,"k":100,"ix":5},"r":1,"bm":0,"nm":"칠 1","mn":"ADBE Vector Graphic - Fill","hd":false},{"ty":"tr","p":{"a":0,"k":[985,636.245],"ix":2},"a":{"a":0,"k":[0,0],"ix":1},"s":{"a":0,"k":[100,100],"ix":3},"r":{"a":0,"k":0,"ix":6},"o":{"a":0,"k":100,"ix":7},"sk":{"a":0,"k":0,"ix":4},"sa":{"a":0,"k":0,"ix":5},"nm":"변형"}],"nm":"그룹 1","np":2,"cix":2,"bm":0,"ix":1,"mn":"ADBE Vector Group","hd":false}],"ip":0,"op":70,"st":0,"bm":0},{"ddd":0,"ind":2,"ty":4,"nm":"shadow/heart1 윤곽선","sr":1,"ks":{"o":{"a":1,"k":[{"i":{"x":[0],"y":[0.996]},"o":{"x":[1],"y":[0.005]},"t":1,"s":[0]},{"t":3,"s":[100]}],"ix":11},"r":{"a":0,"k":0,"ix":10},"p":{"a":0,"k":[236,456,0],"ix":2},"a":{"a":0,"k":[980,826,0],"ix":1},"s":{"a":1,"k":[{"i":{"x":[0.747,0.747,0.833],"y":[1,1,-3.444]},"o":{"x":[0.854,0.854,0.167],"y":[0,0,3.333]},"t":1,"s":[0,0,100]},{"i":{"x":[0.539,0.539,0.833],"y":[1,1,0.333]},"o":{"x":[0.798,0.798,0.167],"y":[0,0,4.444]},"t":3,"s":[50,50,100]},{"i":{"x":[0,0,0.833],"y":[1,1,3.5]},"o":{"x":[0.649,0.649,0.167],"y":[0,0,0.667]},"t":5,"s":[100,100,100]},{"i":{"x":[0.445,0.445,0.833],"y":[1,1,1]},"o":{"x":[0.859,0.859,0.167],"y":[0,0,-5]},"t":7,"s":[70,70,100]},{"i":{"x":[0.833,0.833,0.833],"y":[1,1,1]},"o":{"x":[0.791,0.791,0.167],"y":[0,0,0]},"t":11,"s":[100,100,100]},{"i":{"x":[0.034,0.034,0.833],"y":[1,1,-5]},"o":{"x":[0.501,0.501,0.167],"y":[0,0,0]},"t":15,"s":[80,80,100]},{"i":{"x":[0.833,0.833,0.833],"y":[1,1,1]},"o":{"x":[0.167,0.167,0.167],"y":[0,0,4.5]},"t":19,"s":[100,100,100]},{"i":{"x":[0.034,0.034,0.833],"y":[1,1,1]},"o":{"x":[0.501,0.501,0.167],"y":[0,0,0]},"t":22,"s":[90,90,100]},{"t":26,"s":[100,100,100]}],"ix":6}},"ao":0,"shapes":[{"ty":"gr","it":[{"ind":0,"ty":"sh","ix":1,"ks":{"a":0,"k":{"i":[[0,-2.92],[19.606,0],[0,2.92],[-19.606,0]],"o":[[0,2.92],[-19.606,0],[0,-2.92],[19.606,0]],"v":[[35.5,0],[0,5.287],[-35.5,0],[0,-5.287]],"c":true},"ix":2},"nm":"패스 1","mn":"ADBE Vector Shape - Group","hd":false},{"ty":"fl","c":{"a":0,"k":[0.654999976065,0.654999976065,0.654999976065,1],"ix":4},"o":{"a":0,"k":100,"ix":5},"r":1,"bm":0,"nm":"칠 1","mn":"ADBE Vector Graphic - Fill","hd":false},{"ty":"tr","p":{"a":0,"k":[985,828.713],"ix":2},"a":{"a":0,"k":[0,0],"ix":1},"s":{"a":0,"k":[100,100],"ix":3},"r":{"a":0,"k":0,"ix":6},"o":{"a":0,"k":100,"ix":7},"sk":{"a":0,"k":0,"ix":4},"sa":{"a":0,"k":0,"ix":5},"nm":"변형"}],"nm":"그룹 1","np":2,"cix":2,"bm":0,"ix":1,"mn":"ADBE Vector Group","hd":false}],"ip":0,"op":70,"st":0,"bm":0}],"markers":[{"tm":28,"cm":"1","dr":0}]}